user_id,name,email,country,registered_date,registered_time
1,Nicole Jackson,jgonzalez@hotmail.com,Nigeria,28/11/2024,14:26:35
2,Paul Nelson,rickbrown@yahoo.com,Nigeria,6/10/2020,10:12:46
3,Melissa Shepherd,xmitchell@sanders-aguilar.org,Vietnam,9/10/2023,13:14:30
4,Nathaniel Cook,onguyen@harvey.net,Vietnam,28/2/2023,12:32:30
5,Jacqueline Williams,abigail46@taylor.com,India,16/3/2024,23:50:44
6,James Nielsen,timothyevans@yahoo.com,Nigeria,26/11/2024,16:34:01
7,Leslie Lee,mhardy@lopez-moore.net,Vietnam,3/2/2021,22:56:16
8,Amber Williams,saramason@yahoo.com,India,20/12/2024,2:02:19
9,Francisco Daniel,martinsydney@hernandez-davies.com,India,15/1/2022,21:13:13
10,Brittany Johnson,sfranklin@ramirez.biz,Norway,20/1/2022,2:28:47
11,Tara Velez,charles02@myers.com,India,4/1/2023,8:28:50
12,Haley Bruce,pwhite@hotmail.com,Vietnam,28/11/2024,15:29:31
13,Michael Ramos,robertbuchanan@maynard.com,Nigeria,25/6/2024,23:48:27
14,Kristin Johnson,pwest@fox-thornton.net,Norway,30/5/2024,5:53:43
15,Seth White,afleming@garcia.net,Vietnam,12/1/2025,11:53:13
16,Justin Sims,cindyhernandez@yahoo.com,Norway,20/10/2021,9:16:13
17,John Brown,yhampton@green-martinez.com,Vietnam,28/7/2024,23:33:12
18,Gina Austin,johnsondaniel@williams-berry.com,Nigeria,15/2/2022,19:01:03
19,Ms. Brittany Phillips,williamsmarcus@jones.org,Pakistan,17/12/2022,7:51:52
20,Nicole Hampton,sheliathomas@davis.com,Nigeria,27/8/2023,21:44:40
21,Andrea Williams,valenciaisaiah@gomez.com,Pakistan,15/10/2023,21:52:05
22,Brian Coleman,acostabarbara@gmail.com,Indonesia,4/2/2023,17:16:30
23,Shannon Steele,mhenderson@yahoo.com,Philippines,26/12/2022,20:08:40
24,Christina Vaughn,jessica90@hotmail.com,Nigeria,2/11/2024,23:25:16
25,Roger Bentley,jose15@montgomery.com,India,27/11/2022,19:03:12
26,Thomas Mercer,bruce83@gmail.com,Mexico,11/2/2025,22:58:17
27,Christina Wilson,colemanlori@adams.com,Vietnam,30/3/2023,9:10:44
28,Tracey Fletcher,csheppard@gmail.com,Indonesia,21/6/2023,7:01:57
29,Elizabeth Mathews,larsenjacob@yahoo.com,Indonesia,18/12/2022,22:16:37
30,Joseph Woods,nrobbins@yahoo.com,Canada,18/12/2020,18:57:33
31,Rhonda Walls,scottsmith@yahoo.com,Pakistan,28/8/2023,3:38:05
32,Edward Carson,laurenherrera@yahoo.com,Philippines,17/8/2022,23:50:29
33,Randall Mason,laurenmiller@yahoo.com,Mexico,15/2/2024,20:42:07
34,Fernando Scott,williamstimothy@perez.com,Mexico,1/11/2021,23:26:56
35,Kristina Ward,burtonalyssa@garcia-reyes.com,Philippines,28/11/2021,10:14:11
36,Preston Wood,amanda86@hotmail.com,Canada,19/7/2020,12:38:32
37,Joseph Jackson,thomasapril@gmail.com,Pakistan,19/8/2020,3:06:15
38,Jessica Miller,sabrinanguyen@wise.org,Nigeria,25/3/2024,15:04:44
39,Tammy Fuentes,richardhurst@johnson-osborn.com,India,8/11/2021,23:04:19
40,Robert Beard,donald06@yahoo.com,United States,11/8/2020,13:05:36
41,Ashley Wang,lmcintyre@smith.com,Nigeria,10/4/2020,8:44:22
42,Jerome Reid,robertsonkathleen@aguirre.com,Vietnam,22/7/2022,19:42:04
43,Kimberly Conway,brownmaureen@gmail.com,United States,15/10/2021,7:22:43
44,Alexa Dean,smithjanice@stewart.com,Pakistan,14/10/2023,1:12:38
45,Carla Crawford,andrea63@costa.com,Nigeria,18/3/2024,16:50:37
46,Amber Barber,april90@wang.org,Canada,5/6/2023,17:44:37
47,Bryan Lee,rodriguezbrian@hotmail.com,United States,14/4/2023,14:45:34
48,Julia Allen,nicholas96@yahoo.com,Indonesia,4/1/2023,5:17:38
49,Alexis Carlson,chapmanjennifer@king.com,Indonesia,19/4/2021,13:37:45
50,Daniel Sanchez,johnlee@yahoo.com,Vietnam,16/8/2022,22:38:01
51,Bianca Bowen,fdiaz@yahoo.com,United States,8/10/2024,21:36:14
52,Michael Hall,gabrielleandrews@yahoo.com,Vietnam,8/5/2022,6:01:45
53,William Simon,bethanywalsh@gmail.com,Mexico,10/7/2021,6:02:20
54,Daniel Davis,jennifer44@hotmail.com,Indonesia,25/11/2021,16:01:15
55,Belinda Warren,bpatel@hotmail.com,Pakistan,5/7/2020,10:42:37
56,Steven Smith,jarvischristian@mathews-vaughn.com,India,7/3/2023,20:55:05
57,Dan Jimenez,brandon19@hotmail.com,United States,10/4/2022,7:40:05
58,Elizabeth Nelson,kimnancy@gmail.com,India,26/2/2020,13:31:31
59,Julia Blevins,jeffreyhenson@gmail.com,Philippines,19/11/2023,0:35:15
60,Jose Ferguson,anthony88@yahoo.com,Canada,18/2/2024,13:25:27
61,Daniel Rice,tiffanyhill@yates.biz,Canada,21/2/2020,5:24:15
62,Marie Acevedo,jamieperez@hill.biz,Philippines,13/4/2025,22:46:31
63,Emily Foster,jensenmartin@gmail.com,Norway,13/1/2025,11:22:04
64,Michaela Richmond,elizabethbrown@cox-mercado.net,Pakistan,18/11/2020,18:43:42
65,Christina Davis,stacey31@yahoo.com,Norway,20/12/2021,21:42:40
66,Cynthia Webb,kathryncross@smith-stout.com,Vietnam,7/12/2024,7:14:22
67,Daniel Spencer,williamruiz@jones.com,Nigeria,4/11/2024,13:21:50
68,Dr. Olivia Johnson MD,marcus72@gmail.com,Philippines,11/3/2023,20:44:46
69,Mark Pearson,amy55@hotmail.com,Vietnam,10/4/2020,2:58:12
70,Victoria Campbell,joel75@hotmail.com,India,27/8/2022,5:36:42
71,Laurie Watkins,jacksonjose@spears-wells.com,Norway,19/12/2020,10:02:25
72,Michael Pace,vjones@hotmail.com,Indonesia,19/6/2021,7:52:39
73,Christina Kelley,thomaslong@rose.com,Pakistan,29/7/2022,17:02:16
74,Erin Jones,lisa95@yahoo.com,India,29/1/2022,9:30:50
75,Dr. Robert Frederick DDS,johnsoncrystal@mcbride.net,Norway,28/3/2022,7:02:55
76,Krystal Taylor,victoria73@washington.com,United States,19/4/2022,8:36:07
77,Susan Watson,rsmith@gmail.com,Nigeria,2/6/2024,0:28:56
78,Mark Bailey,pattoncourtney@fuller.com,Vietnam,22/10/2022,20:37:05
79,Leslie Smith,wmason@hotmail.com,Indonesia,20/12/2024,4:07:12
80,Kerry Watson,ppruitt@roberts-rodriguez.com,United States,23/6/2022,9:40:37
81,Angela Perry,andrewsandoval@quinn-martin.org,Vietnam,8/11/2023,23:35:08
82,Alexis Williams,millerjohn@yahoo.com,Vietnam,11/3/2023,17:03:56
83,Nathan Hughes,dunnamber@hernandez.net,Nigeria,15/4/2025,12:50:13
84,Linda Hudson,eweber@yahoo.com,Nigeria,27/12/2024,17:58:30
85,Amanda Campbell,cameronmorris@garrett.info,Norway,16/7/2022,6:33:49
86,Charles Powers,keith35@yahoo.com,Mexico,20/5/2020,16:34:27
87,Joseph Moore,kristina35@mitchell.com,India,22/12/2024,3:44:59
88,David Waters,michael42@ellis.biz,United States,21/1/2022,21:50:20
89,Rebecca Fields,harringtonkelly@gmail.com,Norway,9/1/2020,22:37:42
90,Hailey Henson,darius71@wilson.com,Norway,20/3/2024,1:07:46
91,Bobby Hernandez,oyu@wilson.com,Mexico,24/5/2025,9:50:24
92,Sean Davis,cheryl26@hotmail.com,Mexico,17/1/2024,1:25:16
93,Michelle Johnson,ihorton@yahoo.com,Vietnam,10/9/2020,5:30:13
94,Maureen Bishop,brianaschroeder@hernandez.biz,Philippines,6/7/2021,1:38:36
95,Michelle Rodriguez,nmoody@yahoo.com,Canada,28/2/2025,18:58:06
96,Shawn Barnes,banksdavid@gmail.com,Canada,23/9/2020,14:51:09
97,Joel Wilson,douglas37@griffith.org,Norway,23/5/2024,6:12:21
98,Christopher Callahan,elizabethwinters@cooper.org,Pakistan,22/12/2023,13:40:04
99,Michelle Campbell,hwalker@gmail.com,Nigeria,5/10/2022,12:25:57
100,Zachary Hicks,jennifer93@yahoo.com,Pakistan,26/12/2023,6:41:39
101,Nicole Hill,kristina31@jackson.info,Vietnam,5/5/2022,5:26:21
102,Victoria Torres,jessica57@hotmail.com,Vietnam,29/5/2023,20:19:35
103,Miguel Hernandez,frank04@brown-clark.com,Canada,20/5/2022,8:57:22
104,Angela Blackwell,colemangail@yahoo.com,Pakistan,4/9/2023,7:40:21
105,Rachel Bryant,cynthia21@yahoo.com,Canada,5/9/2020,21:44:06
106,Lisa Barnes,butlerjanet@garcia.com,Vietnam,3/8/2021,6:58:02
107,Patricia Martin,jamiespencer@butler.com,Canada,25/6/2021,12:22:14
108,Morgan Sims,campbelladam@friedman.net,India,8/3/2025,2:09:17
109,Charles Villa,barreramegan@phillips-gibson.com,Vietnam,11/2/2023,19:19:11
110,Theresa Bond,hugheskatherine@olson-merritt.org,Canada,7/4/2020,10:57:21
111,Laura Burton,joshua94@yahoo.com,India,13/5/2023,4:50:13
112,Shawn Jennings,leecassandra@mendoza-miller.com,Norway,21/2/2024,17:55:23
113,Jacob Cruz,georgesmith@andrews.org,India,24/4/2020,22:01:10
114,Alexander Brown,grossgregory@pratt.info,Canada,14/5/2023,12:50:01
115,Ralph Short,matthewwilliams@hotmail.com,India,28/3/2025,15:57:52
116,Deanna Foster,mendozawilliam@hotmail.com,Vietnam,13/11/2021,3:52:53
117,Christopher May,deborah45@yahoo.com,Norway,22/3/2020,20:17:26
118,Melissa Harris,spearsjody@hotmail.com,India,29/9/2020,23:42:03
119,Christopher Lindsey,zachary55@yahoo.com,Nigeria,12/5/2023,21:56:13
120,Kelli Peterson,prestonjames@johnson-ward.com,Norway,9/8/2022,21:52:34
121,Carol Long,eric94@payne-phillips.com,Philippines,12/11/2021,17:12:42
122,Veronica Bailey,nicholas74@perez.info,India,2/10/2021,1:15:29
123,Amanda Chen,lsmith@marquez.biz,Mexico,15/10/2020,0:37:58
124,Chad Gonzalez,ellisstephen@hotmail.com,Mexico,17/4/2023,23:19:59
125,Corey Deleon,amanda30@gmail.com,United States,26/11/2024,3:30:43
126,Stephanie Valenzuela,dwhite@hotmail.com,Mexico,30/9/2024,12:33:01
127,Dave Singh,morenoscott@lane.info,Norway,6/3/2025,5:19:47
128,Daniel Morrison,williamkemp@yahoo.com,Canada,29/3/2022,8:58:12
129,Rebecca Parsons,shawnarichardson@yahoo.com,Mexico,2/4/2025,21:03:29
130,Taylor Oliver,sullivanmary@edwards.com,Pakistan,27/12/2023,22:35:18
131,Justin Macias,brookebrown@wright.com,Mexico,28/5/2025,6:58:27
132,Jeffrey Proctor,hernandezdaniel@gmail.com,Indonesia,15/9/2023,1:21:50
133,Joseph Jacobs,jdavis@yahoo.com,Canada,27/7/2021,20:08:03
134,Kari Moody,cwilliamson@rosario-gutierrez.com,United States,5/5/2025,23:36:06
135,Edgar Johnson,sanchezadam@lee.info,Philippines,22/7/2024,9:09:15
136,Laura Marquez,sharon69@gmail.com,Philippines,1/10/2020,10:09:24
137,Linda Washington,michael65@lynch.com,Norway,9/4/2023,22:07:48
138,Erica Miller,thomasbryan@yahoo.com,Indonesia,9/5/2025,10:08:27
139,Elizabeth Sanchez,rodneymcclain@yahoo.com,Philippines,19/12/2024,13:23:34
140,Lawrence Smith,kathryn49@mann-roberts.com,Nigeria,22/7/2020,23:24:32
141,Gene Price,owenjoel@jones.com,Pakistan,15/7/2021,17:46:43
142,Theresa Thomas,josephhill@yahoo.com,Canada,2/9/2024,7:22:30
143,Jeremiah Thomas,johnny15@gmail.com,Norway,8/1/2023,16:41:40
144,John Ritter,audrey90@hotmail.com,Vietnam,10/12/2020,4:24:50
145,Zachary Garcia,wagnerlaura@hotmail.com,Indonesia,3/8/2023,6:59:33
146,Melissa Rocha,kjohnson@yahoo.com,Canada,28/4/2020,0:28:58
147,Dana Chaney,gina60@hotmail.com,India,6/6/2020,8:38:19
148,Stephanie Ballard,aliciamoreno@richardson.com,Norway,10/3/2025,1:34:42
149,Martin Sherman,brownkimberly@yahoo.com,Mexico,21/11/2022,21:46:01
150,Michelle Padilla,dale32@cruz-smith.com,Vietnam,13/2/2025,0:17:11
151,Jaime Dennis,hflores@hill-hill.com,Vietnam,30/7/2020,12:39:59
152,Derrick Brown MD,linmatthew@hotmail.com,India,31/3/2025,22:20:53
153,Marisa Ortiz,christopherjackson@gmail.com,Mexico,29/3/2022,10:04:21
154,Caleb Woods,heidirivera@king-poole.com,Canada,11/5/2024,19:33:43
155,Brendan Johnson,jschneider@gordon.com,Indonesia,13/3/2025,17:26:01
156,Yolanda Chavez,swillis@yahoo.com,Norway,19/10/2021,16:42:42
157,Mrs. Amanda Allen,dgibson@yahoo.com,Nigeria,1/11/2020,20:03:02
158,Ronald Cox,zadams@hotmail.com,Philippines,8/2/2021,0:50:10
159,Jessica Smith,yhodges@richardson-bright.com,Canada,9/7/2020,23:33:59
160,John Gutierrez,leslie61@dunlap.com,Norway,23/4/2024,19:29:47
161,Walter Brown,claudia00@wiley.biz,United States,22/4/2023,20:58:34
162,Thomas Wolfe,hortonbrenda@williams.net,Pakistan,3/10/2021,3:34:31
163,Michael Gamble,morgangross@hotmail.com,Vietnam,31/7/2024,20:52:06
164,David Kelley,phart@pope-woods.com,United States,5/3/2023,19:36:34
165,Holly Bauer,estradamatthew@gmail.com,Pakistan,10/11/2022,3:18:38
166,Mark Levy,campbellnicholas@chavez.com,Canada,18/2/2023,1:32:35
167,Philip Rollins,omorgan@blair.net,Vietnam,9/1/2023,16:00:57
168,Alex Aguilar,jennifer13@harris.com,India,4/11/2023,14:48:28
169,Justin Hicks,hunterkathryn@fuller.info,Nigeria,30/5/2021,18:00:01
170,Christina Kelly,aaronbrooks@yahoo.com,United States,8/6/2023,11:56:47
171,Cynthia Green,paulricky@glenn-davis.biz,Indonesia,21/9/2022,18:32:28
172,Nancy Reed,adonaldson@gmail.com,Vietnam,14/4/2020,1:24:43
173,Laurie Thompson,dnichols@yahoo.com,Canada,10/3/2023,19:47:50
174,Joshua Harper,ujackson@yahoo.com,Philippines,19/6/2020,19:34:59
175,Kathleen Blevins,lmitchell@gmail.com,India,11/3/2022,22:58:48
176,James Landry,crichardson@simon-murray.net,Philippines,10/1/2025,16:39:16
177,Tanner Rodriguez,hayeshenry@miller.com,India,15/9/2021,20:29:34
178,Mrs. Megan Thomas,castillobilly@yahoo.com,Nigeria,26/3/2025,23:00:19
179,Michaela Smith,paul94@yahoo.com,Pakistan,16/7/2021,9:10:58
180,Lauren Howard,myu@wong-rogers.com,Norway,23/3/2025,20:56:48
181,George Flores,ygoodwin@yahoo.com,Norway,15/3/2023,22:08:20
182,Greg Campbell,jennifer50@chambers-chen.net,United States,28/10/2022,0:48:46
183,Nancy Armstrong,kevin61@lee-pittman.com,Indonesia,1/9/2022,22:55:16
184,Stephen Miller,myerscatherine@cruz.com,Canada,21/9/2020,22:58:28
185,Stephen Gutierrez,danielanderson@lee.biz,Pakistan,1/7/2024,14:51:41
186,Megan Carlson,joanjohnson@wilkinson.info,Indonesia,29/1/2022,4:58:27
187,Howard Walker,lisawright@rogers.com,United States,25/4/2021,17:42:03
188,Shannon Fischer,lmcmahon@hotmail.com,Norway,7/1/2020,9:13:59
189,Craig Hansen,garciaemily@gmail.com,Nigeria,12/6/2023,21:02:54
190,Michael Wells,xjones@washington.com,United States,31/7/2021,3:30:28
191,Jeffrey Carrillo,brenda35@yahoo.com,Nigeria,16/12/2020,20:15:27
192,Jose Miller,vclarke@richardson-flores.com,Pakistan,28/11/2021,7:01:24
193,Tara Garcia,mariagrant@gmail.com,Indonesia,27/12/2022,15:51:55
194,Andrew Webb,bergerin@phillips-terry.info,Canada,1/6/2024,0:51:23
195,Billy Smith,sarahshannon@delacruz.org,Pakistan,9/10/2021,19:29:40
196,Sharon Williams,evanreid@hall-james.com,Canada,14/1/2023,17:49:57
197,Courtney Mann,dixonmargaret@hotmail.com,United States,25/12/2023,21:42:02
198,Catherine Mills DVM,williamswilliam@davis.com,United States,14/7/2024,14:35:17
199,Jennifer Fitzgerald,hernandezjeanette@costa-hayes.com,United States,7/1/2023,11:50:05
200,David Hall,huntnicole@hernandez.com,Nigeria,28/12/2021,4:19:54
201,Jennifer Burke,mmartin@gmail.com,United States,14/5/2023,13:28:04
202,James Richmond,ohernandez@yahoo.com,Nigeria,14/12/2023,16:45:30
203,Dr. Paige Wolfe,skinnerkayla@gmail.com,Pakistan,9/2/2022,6:11:37
204,Tracey Brady,dkelley@jennings.info,Indonesia,10/8/2024,7:26:30
205,Kelsey Miller,sreed@hurst.com,Philippines,6/5/2022,12:00:06
206,Hayden Rivera,mitchell88@yahoo.com,Philippines,28/8/2023,15:34:27
207,Johnathan Jones,jennifer38@miller.com,Norway,27/3/2024,19:26:13
208,Hannah Jones,pricekatherine@yahoo.com,Canada,20/12/2020,18:27:29
209,James Thomas,brandithomas@gmail.com,Norway,2/4/2022,18:00:17
210,Alexandra Cobb,xsnyder@yahoo.com,Vietnam,13/1/2020,21:07:00
211,Kimberly Rodriguez,lisa53@white.com,Mexico,10/9/2023,1:32:24
212,Joshua Cook,jmiller@gmail.com,Norway,18/9/2022,10:57:12
213,Catherine Pearson,diazjohn@hotmail.com,Mexico,29/8/2023,3:07:55
214,Scott Kelly,johnsonchad@hotmail.com,Mexico,28/5/2023,8:54:12
215,Patricia Kelly,qpierce@hines.com,Norway,13/10/2023,22:04:40
216,Sharon Guerra,kevin79@lee.com,Norway,9/5/2025,0:30:38
217,Rodney Gomez,kmiller@luna-byrd.net,Indonesia,10/12/2024,19:42:15
218,Jose Griffin,kathleenjohnson@snyder.com,Vietnam,7/2/2024,13:17:35
219,Karen Murphy,kyle29@hotmail.com,Pakistan,19/6/2022,12:15:45
220,Karen Webster,ltodd@yahoo.com,Mexico,17/1/2025,10:23:19
221,Thomas Reyes,gmarquez@murphy.info,United States,1/5/2025,10:45:50
222,Jennifer Watts,john07@yahoo.com,United States,13/4/2020,16:43:29
223,Charlotte Perez,david19@contreras-frost.info,Nigeria,9/2/2022,13:02:44
224,Sierra Barnes,douglas53@fisher-lane.org,United States,3/11/2022,14:23:46
225,Sylvia Klein,hensleythomas@hotmail.com,United States,12/7/2022,8:16:05
226,Charlotte Duncan,david81@guzman-lee.com,Mexico,15/1/2021,8:25:24
227,Steven Sherman,shughes@collins-burnett.biz,Indonesia,1/9/2022,1:43:54
228,Denise Lewis,marissajones@oconnor.org,Nigeria,30/6/2023,7:57:16
229,Ms. Dawn Johnston,christensensharon@gmail.com,Pakistan,4/6/2022,2:04:54
230,Brian Sanchez,bburch@yahoo.com,Philippines,26/9/2024,1:16:42
231,Kenneth Powell Jr.,dobrien@hotmail.com,Mexico,9/10/2022,12:05:26
232,Sean Holmes,peter12@hotmail.com,Canada,13/1/2021,6:01:39
233,Michael Gray,phillip46@yahoo.com,United States,19/12/2020,22:35:38
234,Jane Garcia MD,murphyerica@gmail.com,United States,25/1/2020,5:46:51
235,David Porter,michael26@nguyen-little.com,Norway,4/5/2020,12:24:53
236,Louis Clay,scottwagner@holmes.com,Norway,11/1/2023,10:52:53
237,Jimmy Kane,rhowe@hayes.com,Canada,19/2/2024,3:15:31
238,Andrew Gonzalez,ylawrence@boyer-williams.com,Philippines,11/10/2020,3:48:57
239,Amanda Meyer,waltonmatthew@hotmail.com,Pakistan,13/2/2024,19:54:24
240,Anthony Weaver,collinscrystal@gutierrez.com,Canada,18/2/2022,16:11:20
241,Anna Norman,youngjonathan@hotmail.com,Pakistan,6/4/2022,19:13:08
242,Thomas Waters,uweber@owens.com,India,30/1/2021,17:23:09
243,Brian Smith,wolson@reyes-guzman.com,Indonesia,25/8/2020,14:11:34
244,Justin Pratt,william69@benton-davis.com,Nigeria,11/2/2025,15:21:35
245,Joshua Banks,suzannerobles@hotmail.com,United States,26/3/2024,2:57:42
246,Alexis Nelson,paulreed@sanchez.com,Pakistan,11/9/2023,23:55:13
247,Douglas Ruiz,washingtonjose@hotmail.com,Norway,7/9/2023,9:00:54
248,Thomas Lee,wmorgan@preston.com,Vietnam,13/11/2023,11:57:34
249,Hannah Goodman,burkeduane@hotmail.com,United States,3/8/2021,20:38:53
250,Robert Roberts,johnramirez@hotmail.com,India,17/8/2020,9:58:50
251,Renee King,kenneth13@allen.net,Mexico,23/5/2020,10:21:17
252,James Perez,eric12@nelson.com,India,19/8/2023,20:20:16
253,Heather Mcdowell,smithkevin@hotmail.com,Nigeria,19/10/2024,3:17:31
254,Patrick Torres,joshuawatkins@gmail.com,India,25/1/2024,7:26:03
255,Dean Carter,morrisjason@yahoo.com,Canada,23/1/2024,1:03:13
256,Joseph Wagner,cannonnicole@scott.com,Canada,26/8/2020,5:55:01
257,Nicole Thompson,glenn35@goodman.net,Nigeria,7/5/2020,8:26:19
258,Margaret Williams,grahambarbara@yahoo.com,Pakistan,2/11/2022,15:26:00
259,Mitchell Moore,sanfordmeredith@gmail.com,United States,18/4/2024,23:06:10
260,William Walls,wmartinez@goodwin-gordon.com,Canada,20/1/2025,1:31:54
261,Dr. Lindsay Smith,amy44@moore-lee.com,Nigeria,11/8/2024,5:54:17
262,David Woods,greenedeanna@hotmail.com,Canada,27/6/2023,20:32:48
263,Daniel Mitchell,dannywest@walsh-barnes.com,Canada,16/2/2022,18:31:45
264,Julie Moore,greenchelsea@hotmail.com,Nigeria,24/4/2022,13:06:06
265,Jeremy Martinez,mooreshannon@hotmail.com,Mexico,10/5/2024,23:53:46
266,Micheal Kidd,chad39@green-kim.com,Canada,31/7/2021,6:08:31
267,Kathryn Wright,garciaandre@gmail.com,Pakistan,3/7/2022,22:30:39
268,Jerry Richards,briannorton@boone-andrews.com,United States,10/3/2023,7:28:59
269,Ashlee Archer,lopezanthony@yahoo.com,Indonesia,14/1/2021,1:02:14
270,Bradley Castillo,moralestheresa@hotmail.com,Mexico,26/10/2022,17:39:56
271,Andrea Murphy,zstone@anthony.org,United States,19/5/2024,10:34:07
272,Dana Henson,ramireztammy@wolfe.net,Norway,14/6/2023,6:21:51
273,Taylor Smith,zhoward@mills-quinn.biz,Vietnam,29/5/2024,11:06:33
274,David Perkins,julievaldez@wilkinson-curtis.com,Indonesia,12/4/2024,10:19:41
275,Steven Goodwin,adambrown@martinez.info,Norway,16/10/2024,17:34:53
276,Joseph Smith,christopher42@smith.info,Pakistan,4/5/2020,23:17:01
277,John Ross,jwelch@shaffer.info,United States,30/3/2020,22:16:03
278,Jade Franklin,donaldramirez@johnson.info,Mexico,3/7/2023,10:14:31
279,Tammy Conley,patricia15@yahoo.com,Philippines,4/8/2020,1:29:42
280,Donna Andrews,jill29@jacobs.com,United States,14/4/2024,3:52:42
281,Aaron Jones,erikkhan@gmail.com,Indonesia,8/10/2024,8:12:35
282,Anna Sutton,jcampbell@cruz-west.com,Philippines,7/9/2022,15:56:43
283,William Sullivan,sperkins@yahoo.com,Indonesia,11/2/2024,21:45:36
284,Jessica Santos,william52@yahoo.com,Indonesia,18/1/2025,16:54:01
285,Emily Webb,hillkevin@lindsey.biz,United States,10/10/2022,12:11:18
286,Carrie Cook,perrydustin@rowe-martinez.com,India,17/1/2023,9:58:59
287,Melissa Riley,mwalker@hotmail.com,Mexico,11/11/2023,4:50:24
288,Taylor Hill,gjohnson@gmail.com,Norway,30/5/2024,23:35:42
289,Brian Price,katielee@avila.net,Canada,8/3/2020,15:29:55
290,Johnathan Ford,edwardbrown@kelly.info,Pakistan,10/11/2023,14:12:31
291,Lisa Gonzalez,lauraramos@jordan-dean.com,Vietnam,16/5/2022,23:09:04
292,Katherine Walker,denise24@oliver.biz,India,2/4/2025,19:42:50
293,Alexandra Elliott,jessicashelton@richmond.com,United States,14/3/2024,1:11:17
294,Collin Bolton,gomezwesley@yahoo.com,United States,30/4/2023,20:54:35
295,Richard Jones,jeffreytaylor@hotmail.com,Mexico,23/9/2024,9:18:39
296,Traci Bell,colehaley@hotmail.com,United States,30/7/2022,9:29:24
297,Brittany Davis,fjohnson@lopez.biz,Philippines,15/8/2020,18:50:32
298,Krystal Davis,rebecca16@yahoo.com,Norway,25/10/2023,7:10:55
299,Mary Silva,tamarabrown@alexander.net,Canada,15/4/2021,6:54:37
300,John Soto,wramirez@gmail.com,Philippines,30/7/2020,13:18:44
301,Christian Martin,bking@yahoo.com,Indonesia,10/11/2022,18:49:53
302,Matthew Jones,kevinrodriguez@scott-ray.com,Norway,4/10/2020,16:49:02
303,Jesse Nguyen,lwelch@carrillo.com,Nigeria,30/10/2023,13:01:49
304,Mr. Timothy Miller,williskimberly@mueller.com,Vietnam,3/3/2020,15:55:06
305,Elizabeth Norris,mclaughlinsamuel@smith-wilson.com,Mexico,9/2/2024,4:45:24
306,Heather Cannon,latoya79@gmail.com,Indonesia,4/12/2024,9:44:45
307,Robert Fowler,bakeramy@knight.net,Norway,24/4/2025,0:12:28
308,Robert Ward II,escott@hotmail.com,Nigeria,30/3/2020,7:57:00
309,Joy Meza,schavez@taylor.info,United States,2/3/2025,14:01:42
310,Susan Turner,john07@yahoo.com,Indonesia,22/4/2022,10:09:00
311,Debra Chambers,robertsjulia@wood-sanchez.com,Pakistan,23/1/2025,13:01:17
312,Charles Carpenter,anthony48@page.com,India,2/12/2020,16:36:34
313,Todd Watkins DVM,darrell73@zamora-moss.info,Pakistan,17/3/2023,14:40:53
314,Dana Allen,brian44@gmail.com,Philippines,28/4/2025,17:52:03
315,Jenny Walsh,nlewis@wallace-thornton.net,Nigeria,7/2/2021,19:48:06
316,Candace Griffin,joseph38@koch-lindsey.biz,Pakistan,22/1/2021,16:58:08
317,Cassandra Parks,christopher44@good.com,Pakistan,25/4/2021,19:45:51
318,Stephen Barton,shawn11@allen.com,Vietnam,2/4/2021,8:54:07
319,Brittany Jackson,jeremy02@huffman.com,United States,8/9/2020,23:16:54
320,Tammie Greene,dwood@spencer-johnson.com,Pakistan,14/1/2020,5:18:19
321,Tony Gibson,lindagomez@yahoo.com,Nigeria,28/3/2021,1:45:42
322,Abigail Romero,rodriguezdaniel@harper.com,Philippines,9/10/2024,14:42:40
323,Joanna Nicholson,victoriahorton@yahoo.com,Pakistan,9/2/2024,23:53:57
324,Andrew Robertson,laura47@clay-taylor.com,Indonesia,11/9/2020,0:17:44
325,Kelly Norris,michaelwilliams@haynes.info,Indonesia,2/3/2024,14:06:04
326,Joy Dixon,ryan71@rowe.org,Nigeria,31/1/2021,7:38:51
327,Katie Jackson,gravestony@hughes.com,United States,2/10/2021,16:34:22
328,Benjamin Ortiz,xcalhoun@graves-peterson.biz,United States,1/7/2021,2:04:12
329,Vanessa Marshall,jimmybennett@gmail.com,Vietnam,10/12/2021,15:28:40
330,Sean Cooper,duncankimberly@sanders-kirby.com,Indonesia,2/2/2021,18:37:01
331,Dustin Perez,tdrake@love.biz,India,10/3/2021,7:44:40
332,Robin Lee,cynthia27@marquez.com,Nigeria,14/9/2021,2:48:31
333,Rebecca Mann,gosborne@grant-coleman.com,Indonesia,4/7/2023,19:19:29
334,Cindy Torres,austinlinda@watkins.info,Canada,6/10/2022,11:13:37
335,Jennifer Wilson,nathanwashington@conner.com,Pakistan,14/8/2023,17:14:39
336,Kimberly Adams,jonathan69@peterson.com,Norway,16/2/2023,21:24:03
337,Cassandra Bush,carterlauren@yahoo.com,Mexico,10/10/2022,2:38:55
338,Michael Garza,xwillis@hotmail.com,India,13/6/2020,13:47:11
339,Keith Hart,andrewsandrew@yahoo.com,Indonesia,6/3/2023,8:12:04
340,John Allen,perrylisa@yahoo.com,Mexico,14/3/2024,7:32:20
341,Robin Mckay,schmidttimothy@martinez.com,Mexico,1/12/2020,0:05:23
342,Jamie Green,paulkiara@lynn.com,Norway,4/4/2020,2:28:49
343,Nicole Joseph,salazarrachel@hotmail.com,Norway,7/1/2022,12:40:02
344,Carlos Pittman,kathleen50@hotmail.com,Philippines,31/10/2020,9:23:12
345,Eric Mack,martinezchristian@gmail.com,Pakistan,14/1/2023,3:32:08
346,Ruben Ballard,ronald39@yahoo.com,Mexico,20/1/2023,20:36:22
347,Jessica Morris,burnsbonnie@daniels.net,Pakistan,27/7/2023,1:27:17
348,Javier Nguyen,sheltonmiguel@gmail.com,Nigeria,22/6/2024,17:27:26
349,Hannah Elliott,andrewlogan@gmail.com,Pakistan,27/6/2024,8:11:55
350,Benjamin Stanley,laurahayes@gmail.com,Vietnam,13/10/2024,10:20:36
351,Monica Wright,sherry87@dennis-powell.info,Vietnam,23/8/2023,23:11:44
352,Andrea Jordan,carla33@white.org,Pakistan,2/6/2024,7:29:36
353,Shannon Watkins,harveyashley@hotmail.com,Indonesia,23/6/2020,19:07:21
354,Shannon Davis,santiagonicholas@franklin-johns.com,United States,13/2/2021,18:03:23
355,Crystal Austin,fieldslauren@english.com,Vietnam,2/6/2024,19:58:48
356,Lori Snyder,krystalrodriguez@ford.com,Mexico,8/3/2020,6:24:20
357,Nicole Montoya,kristennichols@yahoo.com,Norway,15/12/2021,13:23:01
358,Brian Jackson,daniellewis@freeman-horne.com,Indonesia,21/9/2023,10:14:15
359,Karen Cooke,deanna09@roach.net,Pakistan,28/4/2021,13:33:20
360,Jared Thomas,brockdanielle@gmail.com,Mexico,21/10/2020,20:12:20
361,Courtney Vargas,xpierce@moore-williams.com,Nigeria,10/2/2025,18:54:15
362,Marissa Spence,sullivanjustin@myers.org,Pakistan,5/11/2024,18:48:16
363,Jill Norman,beckershawn@gmail.com,Philippines,10/6/2022,12:26:45
364,Timothy Jones,bryanwilliams@oneal-morris.com,United States,27/3/2022,5:48:03
365,Nicolas Baker,raymond62@carlson.com,Pakistan,25/2/2024,4:42:04
366,Douglas Jacobs,juan24@fleming.com,Pakistan,1/9/2020,15:21:12
367,Andrea Sanchez,tina66@perez.com,India,15/8/2024,1:08:31
368,Megan Crawford,deannaandrews@quinn.com,India,13/6/2020,15:12:14
369,Tina Fleming,justinking@galvan.com,India,6/7/2020,20:35:34
370,Amber Vaughn,martinezrobert@yahoo.com,United States,15/4/2020,21:17:24
371,Molly Castillo,richard95@wheeler-ford.com,Indonesia,4/1/2023,13:55:14
372,Corey Acosta,tmitchell@floyd-oliver.com,India,28/9/2023,9:27:56
373,Adam Singh,rodrigueztyrone@gmail.com,Norway,9/1/2025,17:23:48
374,Steven Lee PhD,christinarichards@yahoo.com,Canada,19/4/2022,1:42:54
375,Jennifer Atkins,susannguyen@gmail.com,Philippines,25/9/2022,17:35:58
376,Rhonda Valdez,michaelgross@davis.info,Pakistan,4/9/2022,15:53:37
377,Sylvia Brady,czimmerman@bowen-sullivan.com,Philippines,11/3/2022,17:26:51
378,Kathleen Brown,slittle@jackson.com,Pakistan,26/8/2020,19:32:59
379,Chelsea Smith,sheilajohnson@hotmail.com,Indonesia,17/3/2022,6:41:10
380,John Hart,mhurley@finley.com,Philippines,27/4/2022,5:31:04
381,Nathan Ritter,rbuck@hotmail.com,Indonesia,21/11/2022,2:52:33
382,Tracy Robbins,jtorres@lopez.com,Canada,6/1/2021,14:11:44
383,Teresa Martinez,dbarnes@hotmail.com,Nigeria,17/3/2022,8:48:02
384,Melody Flores,andrea36@wilson-reeves.org,Pakistan,10/3/2025,22:41:48
385,Brandon Davis,erinsims@hotmail.com,Philippines,16/9/2022,2:42:23
386,Elizabeth Garrett,tperez@gmail.com,Pakistan,22/11/2022,17:15:53
387,Terry Lucas,amanda17@hotmail.com,Norway,10/1/2025,23:09:51
388,Jacob Solomon,murphyrichard@kim.com,Canada,5/6/2021,2:44:31
389,Aaron Chavez,gomezdawn@gmail.com,Pakistan,30/4/2024,8:16:06
390,James Wilson,erica01@odonnell-randolph.org,Nigeria,24/4/2024,6:56:57
391,Seth Lawson,kwright@yahoo.com,Philippines,29/5/2021,22:38:06
392,Lori Gonzalez,ttaylor@hotmail.com,India,12/12/2023,22:17:46
393,Kimberly Hall,harrypetty@gmail.com,United States,14/4/2023,0:17:06
394,Brian Hendrix,victoriareyes@yahoo.com,Philippines,8/11/2021,6:17:16
395,Nicholas Gutierrez,jimlee@palmer.com,Indonesia,22/4/2025,18:42:54
396,Rachel Werner,seanjacobs@ortiz-love.net,Indonesia,11/4/2020,3:55:28
397,Susan Best,michaeldelgado@yahoo.com,United States,21/4/2023,3:36:45
398,Anthony Perez,bakernicole@munoz-schultz.com,Indonesia,26/9/2023,17:11:45
399,Caleb Sanders,paulmccoy@yahoo.com,Nigeria,14/11/2020,1:17:59
400,Derrick Franklin,oschmidt@yahoo.com,Indonesia,20/4/2025,9:57:21
401,James Case,jamescastillo@hotmail.com,Nigeria,9/8/2022,23:10:11
402,Elizabeth Gonzalez,sstrong@hotmail.com,Pakistan,15/3/2023,3:26:15
403,Steven Carter,dsmith@yahoo.com,Nigeria,11/1/2024,18:21:09
404,Mary Craig,brittany19@yahoo.com,Mexico,6/5/2021,13:58:42
405,Denise Perry,santanasean@yahoo.com,Mexico,6/3/2022,3:56:11
406,Andrew Anderson,pshaw@flores-todd.com,India,13/12/2021,15:28:10
407,Andrea Lee,patrick84@gmail.com,Nigeria,30/12/2022,0:59:50
408,Erin Daniels,thompsonjeremy@hotmail.com,Canada,7/8/2020,9:40:19
409,Christian King,robertevans@gmail.com,Indonesia,22/10/2021,18:21:23
410,Miss Jenna Woods,gallen@thompson-wells.biz,Norway,7/11/2020,16:12:29
411,Morgan Lewis,mholmes@lawson.com,United States,7/8/2024,7:59:37
412,Julie Butler,edougherty@jones.net,Pakistan,10/4/2023,10:06:39
413,Laura Obrien,pwong@shaw-martin.com,Indonesia,5/6/2022,11:24:46
414,Kelsey Kaiser,ltaylor@gmail.com,Vietnam,16/2/2020,9:21:41
415,Erica Davis,terricrosby@yahoo.com,Vietnam,20/10/2022,15:36:41
416,Brandon Jackson,blove@hill-bailey.biz,Pakistan,15/5/2022,13:41:15
417,Tim Gonzalez,jessicabrown@hotmail.com,Canada,21/5/2023,20:48:30
418,William French,connor17@hotmail.com,Canada,22/11/2022,8:44:20
419,Ronald Bauer,zsanchez@thornton.biz,Nigeria,31/5/2023,9:45:22
420,Edwin Guerrero,annaroy@torres.info,India,6/12/2024,23:43:47
421,Donna Gentry,wpittman@yahoo.com,Nigeria,24/6/2022,23:04:08
422,Tiffany Oliver,albert41@gray-scott.info,Norway,14/10/2022,10:49:04
423,Darrell Cruz,lisa33@hotmail.com,India,4/6/2022,23:05:28
424,Charles Church,ysmith@hotmail.com,Norway,9/12/2022,10:09:44
425,James Burnett,rlee@scott-porter.com,Indonesia,19/7/2022,8:31:48
426,Michael Harris,kimberly75@ellis.com,United States,12/7/2020,8:51:48
427,Nicole Downs,mooresergio@gmail.com,Norway,10/7/2021,22:09:37
428,Patrick Walker,piercekelly@yahoo.com,Pakistan,18/12/2022,17:21:48
429,Amanda Roberts,mcdonaldchad@yahoo.com,Indonesia,5/3/2025,2:55:40
430,Sabrina Nguyen,joshuacruz@yahoo.com,Indonesia,4/10/2023,19:24:39
431,Alexander Phillips,wmarshall@taylor.com,Pakistan,1/9/2021,9:25:43
432,Sarah Watson,andreamills@kim-miller.net,India,25/7/2020,9:21:18
433,Ryan Walls,mistydavis@gmail.com,Philippines,17/2/2025,16:46:24
434,James Gomez,alan07@gmail.com,Nigeria,4/5/2021,19:35:31
435,Denise Johnson,donald33@freeman-ingram.com,Vietnam,13/8/2020,22:49:08
436,Amanda Stone,qmorgan@yahoo.com,Norway,2/9/2023,0:05:04
437,Andrea Webb,duffykevin@harvey.com,Mexico,15/2/2024,21:43:22
438,Lisa Glover,jenniferknight@pennington.com,Norway,12/10/2021,6:54:18
439,Gina Martinez,tjacobs@yahoo.com,United States,26/10/2024,20:33:46
440,Martha Barrett,nperez@garcia.com,India,9/12/2021,6:05:36
441,Regina Smith,ashley21@hotmail.com,Philippines,18/1/2020,19:29:46
442,Matthew Lewis,tuckeradam@yahoo.com,Norway,11/6/2024,3:37:01
443,Jerry Reynolds,brucedunlap@olson.biz,Vietnam,27/7/2020,8:12:59
444,Alan Kelly,janice81@yahoo.com,Canada,19/8/2023,18:39:19
445,Kristy Smith,williamsamanda@jones.org,Vietnam,22/7/2021,10:49:55
446,David Robinson,corey56@rodriguez.info,Canada,4/3/2020,8:11:00
447,Leah Schwartz,thomas09@yahoo.com,Vietnam,21/11/2023,16:44:36
448,Daniel Williams,charles80@hansen.com,Norway,5/12/2024,11:06:06
449,Timothy Ward,longkaren@figueroa.biz,United States,1/4/2025,16:44:51
450,Matthew Mitchell,leebenjamin@gmail.com,India,20/6/2020,18:26:31
451,Robert Carrillo,snowtiffany@watts-wood.com,Vietnam,18/2/2022,14:45:10
452,Frank Peterson,jwoods@farmer.com,Indonesia,21/9/2021,9:02:42
453,Sheila Smith,christopherlopez@lester-bowman.com,India,1/8/2023,19:52:44
454,Michael Larson,catherine62@kane.biz,Vietnam,5/10/2021,11:05:41
455,Brett Davis,fordcourtney@thomas-taylor.com,Pakistan,26/3/2024,7:49:05
456,Amanda Long,emiller@gmail.com,Mexico,25/1/2025,12:15:52
457,Micheal Jackson,chambersjoshua@kline.biz,Nigeria,29/11/2022,2:07:39
458,Anna Harris,crosbymary@gmail.com,Canada,25/5/2023,3:52:44
459,Anna Rivera,heather05@dennis.com,Mexico,16/4/2021,19:19:02
460,Ashley Valencia,allisonparsons@johnson-walton.info,Norway,3/7/2020,23:03:37
461,Andrew Smith,eblackwell@young-fisher.net,Norway,19/4/2024,17:22:27
462,Wanda Warner,luis09@gmail.com,Canada,5/1/2020,5:45:52
463,Donna Ford,eevans@gmail.com,Canada,3/12/2022,9:26:19
464,Daniel Miller,jennifer30@yahoo.com,Vietnam,18/11/2022,15:58:00
465,Stephanie Tucker,popelaura@walker-ward.net,India,11/9/2022,15:53:42
466,Cole Cohen,jodyhunt@fuentes.info,United States,1/9/2020,13:37:36
467,Alexandra Gomez,emendez@bass.info,Vietnam,19/10/2022,15:44:30
468,Joseph Yates,landrykathleen@yahoo.com,United States,20/12/2021,23:10:12
469,Tanya Richards,christopherdavis@hotmail.com,Vietnam,2/1/2020,17:10:15
470,Jason White,qedwards@clark.biz,Philippines,7/5/2023,22:19:51
471,Paige Hanna,shellyhill@sanchez.net,Pakistan,12/3/2025,12:06:16
472,Jose Little,stefanie48@gmail.com,Canada,16/7/2021,18:32:47
473,Jesse Trujillo,charlottesantos@alvarez.com,Canada,30/1/2021,6:15:12
474,Autumn Ruiz,jenniferperez@henderson.com,Pakistan,16/11/2021,4:49:42
475,Shannon Salinas,zallen@waters.com,Philippines,22/12/2021,18:53:38
476,Russell Jones,angela86@yahoo.com,Pakistan,22/2/2022,11:06:34
477,Donna Baker,sfox@hotmail.com,Norway,1/1/2023,18:56:17
478,Keith Lee,mary24@grant.com,Norway,19/6/2023,22:42:02
479,Jennifer Davidson,kristin05@yahoo.com,Nigeria,7/3/2021,17:44:06
480,Paul Allen,fmoore@hotmail.com,India,22/9/2020,7:56:02
481,Sarah Lowe,velazquezrhonda@yahoo.com,Pakistan,15/5/2024,20:18:53
482,Timothy Munoz,ecastillo@gordon.com,Indonesia,2/3/2021,11:33:19
483,Rachel Marshall,samantharaymond@hernandez.biz,India,9/10/2023,22:06:31
484,Ryan Arnold,robinsondoris@valencia.net,Mexico,12/9/2024,18:29:56
485,Michael Dalton,kmunoz@yahoo.com,Pakistan,18/1/2020,10:06:10
486,Carlos Hughes,amanda33@contreras.com,United States,24/2/2023,0:51:52
487,Sara Harrington,cheryl02@lindsey.net,Pakistan,2/10/2020,21:27:56
488,Courtney Greene,zanderson@hotmail.com,Mexico,17/10/2024,21:09:35
489,Jessica Sullivan,jhawkins@king.com,Nigeria,30/4/2023,6:28:23
490,Kristen Cook,ndaniel@yahoo.com,Indonesia,12/12/2020,0:50:17
491,Jennifer Mclaughlin,jennifer13@hotmail.com,Philippines,8/2/2025,11:17:10
492,Mary Crane,jennifer33@yahoo.com,Nigeria,16/3/2023,1:45:57
493,Jill Lyons,jlowery@archer-serrano.com,Nigeria,29/9/2023,19:44:36
494,Michael Weeks,peterlambert@rush-smith.org,Mexico,15/5/2023,23:09:04
495,Shawn Greene,carla63@gmail.com,Philippines,7/10/2021,8:37:47
496,Alexa Oliver,kinggina@young.info,India,28/10/2022,20:44:22
497,Joyce Burns,martineznancy@hotmail.com,Vietnam,3/12/2024,15:59:10
498,Jennifer Gonzales,martinezdonna@gmail.com,Canada,21/4/2024,2:22:29
499,Wayne Murphy,paula30@yahoo.com,Norway,14/10/2024,20:33:54
500,David Clarke,christina27@mclaughlin.com,Indonesia,9/10/2024,1:12:37